{
    "executionRoleArn": "arn:aws:iam::ACCOUNT_ID:role/ecsTaskExecutionRole",
    "containerDefinitions": [
        {
            "name": "wsi-container",
            "image": "<IMAGE1_NAME>",
            "cpu": 0,
            "portMappings": [
                {
                    "name": "wsi-container-80-tcp",
                    "containerPort": 80,
                    "hostPort": 80,
                    "protocol": "tcp",
                    "appProtocol": "http"
                }
            ]
        }
    ],
    "family": "wsi-td",
    "networkMode": "awsvpc",
    "status": "ACTIVE",
    "requiresCompatibilities": [
        "EC2"
    ],
    "cpu": "1024",
    "memory": "512",
    "runtimePlatform": {
        "cpuArchitecture": "X86_64",
        "operatingSystemFamily": "LINUX"
    }
}